Phase,Timing
test,591.8200000000004
break,407.558
training,1433.3975999999939
