Phase,Timing
test,706.6924999999997
break,574.2417999999527
training,1649.3765999999046
