Phase,Timing
test,675.6365000000001
break,306.4383999999759
training,1602.708
