Phase,Timing
test,745.8525999999938
break,440.10349999999994
training,1275.6221999999882
