Phase,Timing
test,657.340099999964
break,349.0976000000237
training,3107.362199999988
refresh,149.2133000000119
