Phase,Timing
test,925.8329000000058
break,507.90250000000015
training,2412.093
refresh,109.98529999998212
