Phase,Timing
test,461.6089999999999
break,55.89300000000003
training,1189.74
