Phase,Timing
test,781.1259000000002
break,371.2173999999993
training,894.9459000000005
