Phase,Timing
test,670.0830000000001
break,105.82299999999987
training,2248.483
refresh,106.613
