Phase,Timing
test,1048.3417000000031
break,436.33239999999887
training,2563.449100000001
