Phase,Timing
test,1123.8320000000003
break,655.0437999999526
training,3577.8418000000715
refresh,108.59169999992847
