Phase,Timing
test,654.201
break,483.49480000007134
training,1580.5746000000238
