Phase,Timing
test,2218.181100000024
break,923.7788999999761
training,2762.708899999976
