Phase,Timing
test,649.5719999999997
break,568.5150000000001
training,1702.839
