Phase,Timing
test,668.4279999999999
break,373.6959999999999
training,2616.3680000000004
refresh,236.16800000000003
