Phase,Timing
test,831.6674999999996
break,232.68419999992875
training,2113.1756000000237
