Phase,Timing
test,1145.7385000000002
break,178.25189999961856
training,965.8604999999999
