Phase,Timing
test,723.7302000000003
break,5.8910999999995965
training,930.1172999999999
