Phase,Timing
test,1127.0741999999282
break,530.8973999999762
training,8932.438
