Phase,Timing
test,1268.3609000000001
break,253.46069999999986
training,1650.6902
