Phase,Timing
test,617.4116999998091
break,215.7065
training,1221.0194999999999
