Phase,Timing
test,732.0715
break,455.25359999990474
training,1872.813600000143
refresh,124.15250000000003
