Phase,Timing
test,659.5889999999999
break,730.4689999999996
training,2010.1030000000003
