Phase,Timing
test,924.2490999999636
break,711.7363000000119
training,2886.7146999999886
refresh,134.26710000002385
