Phase,Timing
test,831.2831000000251
break,382.7041999999292
training,6876.368900000095
refresh,134.5752999999523
