Phase,Timing
test,1544.0899999999997
break,342.3568999999761
training,1307.9675
