Phase,Timing
test,762.7087999992373
break,359.3294000005719
training,1577.8413000001906
refresh,125.81369999980927
