Phase,Timing
test,606.3735999999049
break,284.66590000009546
training,1733.1952000000474
