Phase,Timing
test,784.7449999999999
break,345.53999999999996
training,2171.03
refresh,108.44799999999998
