Phase,Timing
test,840.3186999999284
break,248.95440000009557
training,2326.8685
refresh,120.9617999999523
