Phase,Timing
test,789.7080000000001
break,175.44399999999996
training,2030.063
