Phase,Timing
test,629.2892999999523
break,0.17510000014306115
training,632.6425
