Phase,Timing
test,579.4043000001907
break,86.39519999980917
training,1236.7450000000001
