Phase,Timing
test,1426.7741999999878
break,7.985900000005927
training,874.388800000012
refresh,87.79389999997616
