Phase,Timing
test,619.2962000002863
break,135.00549999999998
training,1231.3617999997139
