Phase,Timing
test,555.7960000000003
break,606.8300000000002
training,2016.621600000143
