Phase,Timing
test,643.8833999998569
break,440.6553000001908
training,727.6952999999523
