Phase,Timing
test,500.3335000000002
break,475.35249999999996
training,1351.798099999994
