Phase,Timing
test,548.1028000000119
break,221.40860000002385
training,2236.5057999999526
refresh,180.82310000002383
