Phase,Timing
test,735.2400000000002
break,185.1542999999972
training,1525.5889000000059
