Phase,Timing
test,961.237599999994
break,209.46570000000315
training,1897.2328999999909
