Phase,Timing
test,903.0189999999998
break,426.3169999999998
training,1719.13
refresh,121.544
