Phase,Timing
test,1025.2379999999998
break,117.900900000006
training,1647.977
