Phase,Timing
test,1077.6720000000003
break,313.3899999999999
training,1443.371
