Phase,Timing
test,683.9387000000006
break,435.46000000000004
training,1148.3272999999997
