Phase,Timing
test,677.0349999999999
break,359.8746999998093
training,2711.7113000001905
