Phase,Timing
test,651.7579999999998
break,210.71900000000028
training,1822.955
