Phase,Timing
test,1504.4277999999526
break,483.1926000000235
training,1626.9808000000119
