Phase,Timing
test,696.7829000000002
break,714.1635000000001
training,1099.7223999999994
