Phase,Timing
test,679.7817000000477
break,930.2207999999523
training,2260.2365999999047
refresh,138.63350000000003
