Phase,Timing
test,808.3281999998092
break,115.17740000009553
training,1443.8157000002861
