Phase,Timing
test,664.6935999999941
break,568.001400000006
training,2084.134400000006
