Phase,Timing
test,640.1550999999045
break,362.42159999990463
training,2707.3344000000952
