Phase,Timing
test,864.5565000000001
break,177.404
training,1093.7366000000238
