Phase,Timing
test,644.116
break,144.86799999999994
training,1950.3477000000178
refresh,101.482
