Phase,Timing
test,3549.2701999998094
break,48.835599999904616
training,728.6857000002861
