Phase,Timing
test,646.9009999999998
break,467.71399999999994
training,2694.545
refresh,112.245
