Phase,Timing
test,669.446200000003
break,494.1566000000014
training,1820.6436999999958
