Phase,Timing
test,622.0770000000002
break,515.137
training,1815.397
refresh,109.16400000000002
