Phase,Timing
test,727.8379999999997
break,387.1890000000001
training,1681.44
