Phase,Timing
test,726.8802000000476
break,359.38320000004774
training,703.1845999999047
