Phase,Timing
test,693.8180000000002
break,3.0550000000000637
training,1742.1035
