Phase,Timing
test,629.9878000000115
break,435.0258999999762
training,1547.3534000000357
