Phase,Timing
test,1240.9755
break,514.3212999999523
training,1432.5377000000476
