Phase,Timing
test,1042.612300000012
break,395.59829999995213
training,1547.1614000000359
