Phase,Timing
test,495.1742000000029
break,398.7339999999999
training,1257.7495
