Phase,Timing
test,623.1054999999997
break,475.24370000000044
training,1585.6289000000004
