Phase,Timing
test,580.4276000000236
break,633.0865999999942
training,1352.970799999982
