Phase,Timing
test,800.4625000000001
break,354.45520000001807
training,2358.069699999988
refresh,153.33650000000006
