Phase,Timing
test,915.7377999992373
break,527.5102000007628
training,2042.5912999992368
