Phase,Timing
test,601.612400000572
break,478.905
training,1831.7621999998094
