Phase,Timing
test,565.8066000001427
break,142.06409999990456
training,2742.0862999999526
refresh,180.5862000000477
