Phase,Timing
test,739.636799999952
break,184.98829999995223
training,3211.5989000000955
refresh,121.41539999985694
