Phase,Timing
test,564.9643999999757
break,441.15130000001204
training,1294.1146000000238
