Phase,Timing
test,571.1993999998567
break,239.48380000019097
training,1959.1817999999523
