Phase,Timing
test,532.5676999999885
break,445.01870000000304
training,1385.738100000009
