script,session,n,mean,std
br,1,37,0.10048515701049252,0.16393431024797253
br,2,39,0.10783724143655982,0.15251936129419544
br,3,35,0.02886929862606721,0.13005918487040236
br,4,35,0.08691290690154126,0.07865195675913336
cb,1,39,0.09829471386460704,0.14268699223864778
cb,2,39,0.11457773336330859,0.06118242658661447
cb,3,38,0.03725988127948312,0.14198620161139208
cb,4,37,0.0726254985372766,0.047738756776255206
