Source,SS,DF1,DF2,MS,F,p-unc,np2,eps
script,0.14891378625432333,1,78,0.14891378625432333,3.4736373968486363,0.06611724376907002,0.04263510882580278,
session,0.3464111011583118,3,234,0.1154703670527706,6.783821586829759,0.00020978010987280233,0.08001316123598222,0.91254190437349
Interaction,0.09511294432668915,3,234,0.03170431477556305,1.8626113388192416,0.13662413331436488,0.023322695158527487,
