script,session,n,mean,std
br,1,39,0.34839874241384977,0.20302910880840858
br,2,39,0.2906877926492743,0.1458730225955551
br,3,39,0.23514819179112068,0.13747426167440352
br,4,39,0.16105106713634437,0.16508540421439616
cb,1,40,0.3207407525560647,0.17671979849594627
cb,2,40,0.21084745965735197,0.14263876792825544
cb,3,40,0.2248394752677359,0.14767780374928413
cb,4,40,0.08820671709503417,0.15720839066995504
