Source,SS,DF1,DF2,MS,F,p-unc,np2,eps
script,0.04317038253349159,1,78,0.04317038253349159,0.84958216570128,0.3595127984034828,0.010774719946085382,
session,0.5938479169876593,3,234,0.1979493056625531,7.130898425202465,0.00013280673473678914,0.08376392775259855,0.9225757935835825
Interaction,0.061313640178690676,3,234,0.020437880059563557,0.7362513661940516,0.5313419052560617,0.009350856224661036,
