script,session,n,mean,std
br,1,39,0.3080204689154516,0.22175944338022271
br,2,39,0.21196207344828513,0.17665769455879907
br,3,35,0.23046435918193495,0.17155320841540753
br,4,35,0.12160027525403354,0.18614057067111922
cb,1,40,0.3172597433416306,0.17082310043206908
cb,2,40,0.15885681939779417,0.177120052477723
cb,3,38,0.29108492277379405,0.2018343026077567
cb,4,37,0.12355667108520717,0.13848651921076266
