day,script,n,mean,std
1,br,40,12.894182375001725,9.06955681952319
2,br,40,6.861520958337737,4.063695638216635
3,br,40,5.4276560833344165,4.174789662211054
4,br,40,5.307315791664088,3.7160959309941686
1,cb,40,15.83888324999892,30.52728114517688
2,cb,40,6.876277750001546,3.6727829617482204
3,cb,40,6.1714008333416075,4.731018099628845
4,cb,40,4.950097083344696,2.1051897330563847
