Source,SS,DF1,DF2,MS,F,p-unc,p-GG-corr,np2,eps,sphericity,W-spher,p-spher
script,55.97803488267807,1,78,55.97803488267807,0.35021954438803166,0.5557003107462839,,0.0044699242251595795,,,,
day,4391.346697959701,3,234,1463.7822326532335,11.223124251762304,6.59528215313261e-07,0.0009186293600497939,0.12578716947967253,0.3553570164324013,False,0.0060821808190681505,2.203711940147058e-83
Interaction,131.06681441426917,3,234,43.688938138089725,0.33497221800716787,0.8000655562754903,,0.004276151615589219,,,,
