Source,SS,DF1,DF2,MS,F,p-unc,p-GG-corr,np2,eps,sphericity,W-spher,p-spher
script,0.22577799873980642,1,75,0.22577799873980642,6.145737261118089,0.015419347952390146,,0.07573703152565833,,,,
session,1.588564484854417,3,225,0.5295214949514723,24.701414596642458,7.458917488253758e-14,2.8185383476349083e-11,0.24775390295690253,0.778627083472214,False,0.6711814600143159,1.6237976673128525e-05
Interaction,0.08439968621708793,3,225,0.02813322873902931,1.3123745752542608,0.2711560576352559,,0.01719740189659651,,,,
