script,session,n,mean,std
br,1,40,-0.03490133312667935,0.166379224115713
br,2,40,-0.15709483381102832,0.07841536609675262
br,3,40,-0.1054190555429693,0.1485268361023857
br,4,40,-0.12222700937844452,0.08430931427728476
cb,1,40,-0.09435967180127186,0.16217057985445468
cb,2,40,-0.1664562436540918,0.058965964426587095
cb,3,40,-0.12056962720021158,0.10016651002727933
cb,4,40,-0.14290274740611286,0.04956632178432458
