Source,SS,DF1,DF2,MS,F,p-unc,p-GG-corr,np2,eps,sphericity,W-spher,p-spher
script,0.0547539874866748,1,78,0.0547539874866748,3.8639799574758764,0.05289223079370913,,0.047200001264084836,,,,
session,0.40014344462075213,3,234,0.13338114820691738,10.40346824878602,1.882113896857931e-06,1.7719716625577382e-05,0.11768167533323991,0.7774230783742334,False,0.6253645723149238,7.622601919815018e-07
Interaction,0.03084513244777387,3,234,0.010281710815924624,0.8019533004074425,0.4938809107776275,,0.01017682007640407,,,,
