Source,SS,DF1,DF2,MS,F,p-unc,p-GG-corr,np2,eps,sphericity,W-spher,p-spher
script,0.004055986804927608,1,66,0.004055986804927608,0.314774151798043,0.5766651956910498,,0.0047466670259256,,,,
session,0.29581872154208394,3,198,0.09860624051402798,9.074621408738919,1.1725238357466484e-05,8.000963481453176e-05,0.12087468759026743,0.7589243919294593,False,0.4125910320857495,2.9148373371066833e-11
Interaction,0.0016542428212988902,3,198,0.0005514142737662967,0.05074603542046606,0.9848573255747285,,0.0007682886033301263,,,,
