script,session,n,mean,std
br,1,37,-0.31702521096813063,0.18582988373654985
br,2,39,-0.2778176469742382,0.15150940147822844
br,3,39,-0.25559294377224306,0.14014614650576884
br,4,39,-0.1923301005904797,0.13374231803305114
cb,1,39,-0.27359238004389685,0.17165524097717422
cb,2,39,-0.21276425758058637,0.14071523142716588
cb,3,40,-0.21944598721033523,0.14433628499309523
cb,4,40,-0.14539112022156822,0.1635788434744524
