Source,SS,DF1,DF2,MS,F,p-unc,p-GG-corr,np2,eps,sphericity,W-spher,p-spher
script,0.20459322354152965,1,72,0.20459322354152965,6.0640090710663355,0.016190018434744814,,0.07767995960271404,,,,
session,0.5341810123516804,3,216,0.17806033745056013,8.520876140613499,2.2527018176392577e-05,6.035284053865099e-05,0.1058219501453698,0.8614040271473802,False,0.7954698629276996,0.005766842224284352
Interaction,0.013845514347185173,3,216,0.004615171449061724,0.2208538119617439,0.8818526739265584,,0.003058033799167914,,,,
