Source,SS,DF1,DF2,MS,F,p-unc,np2,eps
script,0.021021812273142065,1,63,0.021021812273142065,0.6461109806392344,0.4245291701027314,0.010151617603717805,
session,1.1730866361594743,3,189,0.3910288787198248,14.13252058669409,2.3818820017897725e-08,0.18322389154662283,0.9768493184862274
Interaction,0.08326853094709641,3,189,0.02775617698236547,1.0031605437824078,0.3926062126198515,0.015673609478959707,
