script,session,n,mean,std
br,1,40,0.20199631461263418,0.18904847838019462
br,2,40,0.3077517246148171,0.16087375597668316
br,3,40,0.31945885999640994,0.15596177427839736
br,4,40,0.2869930105853236,0.1617280125613136
cb,1,40,0.29694094204124544,0.13769931623157985
cb,2,40,0.3059969791882214,0.14408646214957277
cb,3,40,0.3631916654479046,0.1395169941629005
cb,4,40,0.32264713863976235,0.12876830608139583
