Source,SS,DF1,DF2,MS,F,p-unc,np2,eps
script,0.01224817590611427,1,66,0.01224817590611427,0.32230422006904225,0.5721524276949508,0.004859665596050166,
session,1.425853345962961,3,198,0.47528444865432035,15.816617790322212,2.9334720779812553e-09,0.19331791288240102,0.9759194003888355
Interaction,0.1786206536506576,3,198,0.059540217883552536,1.9813921370307337,0.11803629198642848,0.029146095346750518,
