day,script,n,mean,std
1,br,40,0.29999999999999993,0.23177132850710574
2,br,40,0.6383333333333333,0.21884831937802698
3,br,40,0.755,0.20704129265945204
4,br,40,0.7779166666666667,0.19034335073254113
1,cb,40,0.43166666666666664,0.24992306508511467
2,cb,40,0.69375,0.20767631441007317
3,cb,40,0.7941666666666667,0.16630516350194124
4,cb,40,0.7966666666666666,0.14893735657092946
