Source,SS,DF1,DF2,MS,F,p-unc,p-GG-corr,np2,eps,sphericity,W-spher,p-spher
script,0.30012500000000025,1,78,0.30012500000000025,2.3221246692216226,0.13159009027996948,,0.028910149959111207,,,,
day,9.229461805555557,3,234,3.076487268518519,237.72495399274186,9.612751027466627e-71,3.532940004704591e-38,0.7529495245352285,0.5279740599198719,False,0.22571473278751866,2.6470133850798515e-23
Interaction,0.14572916666666202,3,234,0.048576388888887344,3.7535730870438893,0.0116100337171679,,0.04591326036658264,,,,
