Source,SS,DF1,DF2,MS,F,p-unc,p-GG-corr,np2,eps,sphericity,W-spher,p-spher
script,11.311263717575924,1,78,11.311263717575924,0.9754674913840944,0.32637428592643913,,0.012351525383379516,,,,
day,296.2885508434936,2,156,148.1442754217468,81.347490701725,6.316131407913963e-25,5.644860215204523e-20,0.5105037446369048,0.790506476702299,False,0.7349882265713593,6.094455536544308e-06
Interaction,10.806038810613245,2,156,5.4030194053066225,2.96685153431113,0.054376766403776644,,0.03664279242788482,,,,
