script,day,n,mean,std
br,1,40,0.3035802103332742,0.23564088180961804
br,2,40,0.6404562903093503,0.2214100886567969
br,3,40,0.7568406575566131,0.20428529398526782
br,4,40,0.7802902807777808,0.18391225346590553
cb,1,40,0.4340128098539604,0.25079678118767995
cb,2,40,0.6955483842702767,0.20866972528609026
cb,3,40,0.7974273206751881,0.16256866461360203
cb,4,40,0.7978846883427153,0.14757643150221678
