day,script,n,mean,std
1,br,40,5.9921421666636245,0.005393787371482921
2,br,40,5.9924617499956385,0.0054579721743473015
3,br,40,5.992602333333958,0.004251531610364191
4,br,40,5.991121666669255,0.005737115478589568
1,cb,40,5.992628416668461,0.004763144148273577
2,cb,40,5.991240791665769,0.005798011287744704
3,cb,40,5.991558874990737,0.006013705971068871
4,cb,40,5.992476624993112,0.005208402353595249
