day,script,n,mean,std
2,br,40,9.471826805556423,3.0643051082172144
3,br,40,7.018988152778292,3.4149232068933104
4,br,40,8.184326527778335,7.920146936271419
2,cb,40,9.17149947222122,4.737175256491319
3,cb,40,6.922676138884787,3.0586532534020083
4,cb,40,6.30836048611479,2.0553294772768202
