script,day,n,mean,std
br,1,40,5.9922113214363275,0.005387683084221686
br,2,40,5.992463957822825,0.005458816833110185
br,3,40,5.9925923211089955,0.004253526692617402
br,4,40,5.991141706728171,0.005716959885371744
cb,1,40,5.992613623626968,0.004761482307764387
cb,2,40,5.991226920288092,0.005806535977380169
cb,3,40,5.991570778656408,0.0060270748427404645
cb,4,40,5.992481485504775,0.005205724262978415
