script,day,n,mean,std
br,1,40,8.709934949058391,5.227759292058147
br,2,40,4.740597933549472,3.3703224510537972
br,3,40,3.4053376829785664,3.0039949987815175
br,4,40,3.0925810421633964,1.8467251862571648
cb,1,40,7.5776023615025565,3.906089254227424
cb,2,40,4.478883226473048,2.4488358667839925
cb,3,40,3.709442975159084,2.0124202455616125
cb,4,40,3.443213942371316,1.7916434782961164
