script,session,n,mean,std
br,1,39,-0.11610155497996835,0.12987795172084096
br,2,39,-0.09780247877935053,0.11327154009992359
br,3,35,-0.033753215985678035,0.14311226444083183
br,4,35,-0.07987662311488758,0.06783358262598016
cb,1,40,-0.11917636320237668,0.10899216347465707
cb,2,40,-0.1019175060362176,0.047667511141392414
cb,3,38,-0.030451553101296477,0.13009905663081683
cb,4,37,-0.06291835289288733,0.042461238574810906
