script,session,n,mean,std
br,1,37,-0.2759881572032776,0.20412501193471105
br,2,39,-0.18808637288571092,0.17407873540906024
br,3,35,-0.25485002950906066,0.1808318686195433
br,4,35,-0.11223713274106124,0.16227321293938296
cb,1,39,-0.28309469112860375,0.16331689080634754
cb,2,39,-0.1452938274878314,0.16563241082430027
cb,3,38,-0.29096704375125865,0.20113852299716442
cb,4,37,-0.13408060166336214,0.13858103252948073
