Source,SS,DF1,DF2,MS,F,p-unc,p-GG-corr,np2,eps,sphericity,W-spher,p-spher
script,0.0006122830370801066,1,63,0.0006122830370801066,0.041404318983965745,0.8394152973713007,,0.000656779769284065,,,,
session,0.20267051285469942,3,189,0.06755683761823314,4.213816644929785,0.006516976597237586,0.01105473234485382,0.0626927149099433,0.7917207851086977,False,0.5281419838252047,1.4737984806869418e-07
Interaction,0.005528663902696351,3,189,0.0018428879675654504,0.11494901576583323,0.9512672276260377,,0.0018212644953118711,,,,
