script,session,n,mean,std
br,1,40,0.23293275846898415,0.24063967138422618
br,2,40,0.3355588974116742,0.2012318671944807
br,3,40,0.36277870301239173,0.17793867970405702
br,4,40,0.3158712154135184,0.18771032580627992
cb,1,40,0.2902027570947624,0.1721079757113902
cb,2,40,0.3212773872084081,0.17915159360587074
cb,3,40,0.40345773190330164,0.16685621412081028
cb,4,40,0.325123429625205,0.11544303922844085
