Source,SS,DF1,DF2,MS,F,p-unc,p-GG-corr,np2,eps,sphericity,W-spher,p-spher
script,0.29696249743653064,1,78,0.29696249743653064,2.311631507004585,0.1324527540841201,,0.028783271658514006,,,,
day,9.192446867873496,3,234,3.064148955957832,236.23140747245202,1.6728337808148325e-70,8.257497944885327e-38,0.7517752899768999,0.5240929196597119,False,0.21633396657617784,5.3099481929248715e-24
Interaction,0.14313034727117468,3,234,0.047710115757058226,3.6782245112624934,0.012826627755786892,,0.04503311051717718,,,,
