Source,SS,DF1,DF2,MS,F,p-unc,p-GG-corr,np2,eps,sphericity,W-spher,p-spher
script,2.732889743302836,1,78,2.732889743302836,0.09912248336345061,0.7537259204808662,,0.001269188183062691,,,,
day,1205.8026042316385,3,234,401.93420141054617,98.45134936943451,3.0382987848742516e-41,4.534834673835527e-20,0.5579518078000518,0.45545764942537587,False,0.12062698270347441,1.2200780213295744e-33
Interaction,28.589012980326515,3,234,9.529670993442172,2.334235218248646,0.07466851211507976,,0.029056543725188823,,,,
