day,script,n,mean,std
2,br,40,0.9199999999999999,0.08608284620211167
3,br,40,0.9399999999999998,0.08929926637077695
4,br,40,0.9349999999999999,0.1424150669067402
2,cb,40,0.90625,0.15491416150855103
3,cb,40,0.9287500000000002,0.11485079506997384
4,cb,40,0.9337500000000001,0.09699821568541271
