Phase,Timing
test,1027.8107000000477
break,19.850299999952313
training,831.6297000000477
