Phase,Timing
test,551.8640000000003
break,320.0857999999523
training,1477.195300000012
