Phase,Timing
test,712.1414999999997
break,259.7538000000718
training,2356.945399999976
refresh,159.06879999995232
