Phase,Timing
test,574.6035000000002
break,531.6985
training,2149.8411000000015
refresh,118.61859999999402
