Phase,Timing
test,665.0546000000236
break,675.6375
training,1257.3510999999942
