Phase,Timing
test,607.1718999999987
break,45.36799999999994
training,1395.1380000000001
