Phase,Timing
test,674.9592000000475
break,359.8173999998571
training,2321.310100000143
refresh,114.31659999990462
