Phase,Timing
test,1839.2665000000002
break,494.3839000000007
training,2887.0689
