Phase,Timing
test,513.358700000003
break,445.0923999999909
training,1218.949100000009
