Phase,Timing
test,592.5495999999641
break,55.718600000024026
training,1193.895899999976
