Phase,Timing
test,950.3703000000119
break,418.81849999999986
training,2083.345199999988
