Phase,Timing
test,800.4075000000003
break,650.7777000000476
training,1388.1504000000953
