Phase,Timing
test,1231.644099999965
break,46.73860000002378
training,2960.2925
refresh,136.4398999999762
