Phase,Timing
test,541.4256999999284
break,478.10560000002374
training,1531.8080000000002
