Phase,Timing
test,741.9179999999997
break,75.48200000000043
training,2484.84
