Phase,Timing
test,583.3046000000238
break,443.5810999999642
training,1407.364
