Phase,Timing
test,649.5495999999048
break,845.7584999999999
training,1638.0937999999526
