Phase,Timing
test,532.9361000000015
break,15.875600000001441
training,1384.081799999997
