Phase,Timing
test,585.6237000000474
break,435.22869999998807
training,1816.9363999999762
