Phase,Timing
test,567.3675999984746
break,555.2494000015258
training,1309.768799999237
