Phase,Timing
test,587.2473000001905
break,387.70459999990453
training,1804.4712000000477
