Phase,Timing
test,708.6019999999994
break,376.82910000000174
training,3113.368299999997
refresh,173.1013000000045
