Phase,Timing
test,1628.263
break,962.7003000001907
training,1783.9063000001909
