Phase,Timing
test,1118.7782999999968
break,518.4588999999985
training,1231.6011000000015
