Phase,Timing
test,646.2129999999997
break,442.73199999999997
training,2890.318
