Phase,Timing
test,843.1422000000478
break,357.89659999990454
training,848.9915999999047
