Phase,Timing
test,1785.6845000000003
break,498.1373000000119
training,1924.1626999999883
