Phase,Timing
test,598.8530000000001
break,1636.503999999999
training,2775.4930000000004
