Phase,Timing
test,628.5941999999995
break,376.2736999999988
training,1607.5528000000008
