Phase,Timing
test,758.3572999999978
break,635.8197000000027
training,2919.4718999999986
refresh,147.38860000000147
