Phase,Timing
test,702.5464000000056
break,383.29350000000045
training,1746.173099999994
