Phase,Timing
test,575.9432000000031
break,23.820500000000038
training,1303.1958999999983
