Phase,Timing
test,761.7614999999998
break,532.4089999999999
training,1115.9808999999987
