Phase,Timing
test,706.689200000048
break,304.7779000000951
training,2354.187700000048
