Phase,Timing
test,638.0839999999998
break,512.2550000000001
training,1458.1860000000001
