Phase,Timing
test,1515.8370000000002
break,314.5200000000001
training,810.812
