Phase,Timing
test,612.0006000000017
break,1.2826999999954296
training,1279.3104999999998
