Phase,Timing
test,884.1284000000003
break,528.7692000000002
training,1269.6076000000007
