Phase,Timing
test,627.288600000024
break,446.25989999997614
training,1990.079600000024
