Phase,Timing
test,1264.3103000000015
break,557.6146999999992
training,2495.5344999999998
