Phase,Timing
test,510.1191000000015
break,125.99910000000136
training,1748.726299999997
refresh,118.3738999999985
