Phase,Timing
test,839.6737999999996
break,204.96760000000086
training,2552.9211999999998
refresh,138.1218999999999
