Phase,Timing
test,12380.219099999993
break,0.5874000000060278
training,667.7615
