Phase,Timing
test,608.153400000002
break,224.8903000000007
training,1701.0357999999972
