Phase,Timing
test,592.2550000000003
break,453.693
training,1523.129900000006
