Phase,Timing
test,733.681
break,180.9319999999998
training,2397.3050000000003
