Phase,Timing
test,574.1261999999883
break,428.6334999999999
training,1757.617300000012
refresh,140.0128000000119
