Phase,Timing
test,584.3317999999524
break,4.290600000023687
training,1132.4028999999764
