Phase,Timing
test,837.8152000000478
break,5.086699999809298
training,1416.3709000000954
