Phase,Timing
test,515.5652000000478
break,315.39339999997605
training,2022.1258999999764
