Phase,Timing
test,1761.784399999976
break,655.7793999999765
training,1543.6077000000475
