Phase,Timing
test,734.2557000000477
break,328.49779999995235
training,1455.2745
