Phase,Timing
test,875.6744999999999
break,435.9329000000953
training,1114.1245
