Phase,Timing
test,824.2921999998091
break,15.607099999904676
training,1358.1282000002861
