Phase,Timing
test,571.5174999999999
break,430.951100000143
training,1382.2659999999998
