Phase,Timing
test,889.8668999999761
break,415.6202000000478
training,1064.9111000000237
