Phase,Timing
test,573.720699999988
break,831.9116999999878
training,1489.607600000024
