Phase,Timing
test,1042.8452000000475
break,63.335599999904844
training,2425.8689000000954
refresh,114.83939999997614
