Phase,Timing
test,972.5781999998089
break,43.85090000009541
training,2263.3534000000955
refresh,124.35669999980925
