Phase,Timing
test,1134.4944999999998
break,211.98839999999836
training,2847.512600000002
refresh,354.8195999999978
