Phase,Timing
test,901.3752000000477
break,565.1937000000478
training,1661.8785
