Phase,Timing
test,865.4479999999999
break,43.70119999998815
training,1394.042199999988
