Phase,Timing
test,1047.6535000000001
break,371.6195
training,886.335599999994
