Phase,Timing
test,1451.290600000024
break,791.5987999999525
training,4708.1115
