Phase,Timing
test,2276.3804999999998
break,146.92029999999704
training,1789.6515
