Phase,Timing
test,723.8048999999762
break,284.8108999999761
training,1712.093600000024
