Phase,Timing
test,536.4257999999968
break,698.3465000000001
training,1550.298900000006
