Phase,Timing
test,737.3094999999998
break,421.5295000000001
training,812.199600000143
