letter,frequency
a,7.478781827
b,1.57763355
c,1.238142786
d,5.921118323
e,18.88167748
f,0.80878682
g,3.394907639
h,2.376435347
i,6.490264603
j,1.45781328
k,2.246630055
l,3.56465302
m,2.206689965
n,10.01497753
o,6.050923615
p,1.567648527
q,0.00898652
r,6.400399401
s,3.72441338
t,6.779830255
u,1.987019471
v,2.845731403
w,1.517723415
x,0.035946081
y,0.034947579
z,1.387918123