Phase,Timing
test,657.1646000000239
break,17.479499999999916
training,1004.2991000000238
