Phase,Timing
test,717.4982000000477
break,461.670600000024
training,2221.018899999976
