Phase,Timing
test,525.9805000000001
break,21.44989999997597
training,1220.714800000012
refresh,93.40389999997616
