Phase,Timing
test,1352.9241
break,72.2022999999997
training,1359.9075
refresh,98.83250000000001
