Phase,Timing
test,925.8454999999999
break,1424.8544000000024
training,945.2203999999986
