Phase,Timing
test,981.7810999999942
break,98.9831000000238
training,1556.0455999999942
