Phase,Timing
test,769.4637999999522
break,346.039599999905
training,2066.1034999999997
