Phase,Timing
test,916.7674000000357
break,343.0585999999644
training,2041.211
refresh,103.23010000002385
