Phase,Timing
test,648.0080000000003
break,443.80899999999974
training,1648.0430000000001
