Phase,Timing
test,700.9853000001908
break,701.0377999999523
training,2687.530399999857
refresh,182.46010000014303
