Phase,Timing
test,1484.418
break,210.16160000014293
training,881.1215999999046
