Phase,Timing
test,769.8247999999526
break,579.1477000000473
training,1850.8757000000478
