Phase,Timing
test,655.1777000000179
break,353.2287999999817
training,2296.717599999994
refresh,96.13760000002384
