Phase,Timing
test,1085.7742999999996
break,256.65319999999974
training,1681.5389000000002
refresh,150.8082
