Phase,Timing
test,741.7600000000002
break,409.76099999999997
training,2130.094
refresh,435.447
