Phase,Timing
test,685.718699999989
break,927.6986000000238
training,2659.170399999976
