Phase,Timing
test,936.1020999999048
break,593.5532999999523
training,931.8479000000954
