Phase,Timing
test,743.052099999994
break,432.6054000000063
training,2793.5254999999997
refresh,117.14559999999403
