Phase,Timing
test,631.3789999999999
break,342.57439999961866
training,1709.376700000286
refresh,116.16390000009535
