Phase,Timing
test,536.9114000000952
break,108.72109999990471
training,1512.1442999999522
