Phase,Timing
test,883.9360000000001
break,507.59729999923695
training,806.0770000000001
