Phase,Timing
test,1598.7162000000026
break,289.7081999999955
training,3570.3150000000005
refresh,280.7908999999985
