Phase,Timing
test,832.2608999996185
break,266.6503000001908
training,1062.196400000572
