Phase,Timing
test,1162.0624999999998
break,19.97919999998794
training,1384.209100000024
