Phase,Timing
test,1007.9195999999938
break,335.9444000000062
training,1841.2004000000059
