Phase,Timing
test,567.3608000000004
break,478.70369999999957
training,1753.9477000000002
refresh,129.81459999999996
