Phase,Timing
test,558.2455
break,508.02700000000004
training,1335.2150999999046
