Phase,Timing
test,724.6803000011441
break,575.1662999992373
training,1610.5159999999998
