Phase,Timing
test,532.864900000036
break,15.865000000000009
training,944.2617999999522
