Phase,Timing
test,602.8559000000059
break,224.09400000000005
training,1444.497800000012
