Phase,Timing
test,708.0831999999882
break,517.7648000000122
training,1631.594099999994
