Phase,Timing
test,650.1876000000016
break,51.06839999999829
training,2802.9401000000016
refresh,208.7363000000007
