Phase,Timing
test,1046.5345999999045
break,462.05300000000034
training,1709.967600000143
