Phase,Timing
test,738.1473999999766
break,460.3364000000356
training,2940.9662999999523
