Phase,Timing
test,564.467400000095
break,575.7045999999045
training,1557.0847000000479
