Phase,Timing
test,683.4021999999882
break,3.0068000000119355
training,1610.7850999999641
