Phase,Timing
test,631.5095999999048
break,581.4997000000474
training,1647.0767999999525
