Phase,Timing
test,584.0267000000476
break,392.8260000000005
training,1668.3252999999522
