Phase,Timing
test,1884.0698999999906
break,663.6700000000001
training,982.35
