Phase,Timing
test,1107.5716999988558
break,493.17170000076294
training,2447.0652000007626
refresh,143.76839999961857
