Phase,Timing
test,575.2174999999997
break,493.67139999985716
training,1585.0372000000477
