Phase,Timing
test,696.8500999999046
break,440.7019000000953
training,1789.5147999999524
