Phase,Timing
test,978.9729999999995
break,314.6859999999997
training,3364.1690000000003
refresh,219.49100000000004
