Phase,Timing
test,724.8815999999049
break,333.58449999999993
training,1049.8577999999525
