Phase,Timing
test,530.3069999999998
break,108.90700000000015
training,2057.811
