Phase,Timing
test,1371.5854000000058
break,362.08399999999983
training,911.4706999999883
