Phase,Timing
test,587.6342999999522
break,6.467700000047671
training,744.881399999857
refresh,86.14220000004768
