Phase,Timing
test,623.070399999991
break,346.41660000000866
training,1739.331799999997
refresh,133.20240000000595
