Phase,Timing
test,694.1316000000015
break,358.0195999999978
training,2804.6811000000016
