Phase,Timing
test,613.7034000000062
break,206.98849999999993
training,1850.2034999999998
