Phase,Timing
test,722.1246000000015
break,51.01430000000073
training,2125.7405000000003
