Phase,Timing
test,1794.655800000001
break,595.4478999999992
training,2361.412500000001
