Phase,Timing
test,749.2764000000057
break,467.43090000000575
training,3072.842299999997
refresh,184.32939999999107
