Phase,Timing
test,565.4021000003813
break,424.11179999923706
training,1181.6528000001908
