Phase,Timing
test,837.7153999999764
break,340.4332999999524
training,1347.1516000000238
