Phase,Timing
test,749.9105
break,1122.8113000000008
training,2876.338800000001
refresh,187.91089999999852
