Phase,Timing
test,1776.0027000000478
break,713.6047999999524
training,921.7477000000476
