Phase,Timing
test,1027.9719999999998
break,360.69399999999905
training,4065.6880000000006
