Phase,Timing
test,702.3820000000005
break,407.6120000000001
training,3329.6749999999997
