Phase,Timing
test,635.2164999999998
break,432.91899999999987
training,1370.2868999999762
