Phase,Timing
test,800.0633000000116
break,614.0041000000238
training,2420.862800000012
