Phase,Timing
test,1791.854600000143
break,454.84339999985696
training,1595.9734000000951
