Phase,Timing
test,952.5961999999881
break,527.5215000000001
training,1726.651100000024
