Phase,Timing
test,602.1212000000478
break,516.9519999999998
training,2213.1995
refresh,112.84539999997617
