Phase,Timing
test,739.9935999999996
break,1000.7702000000003
training,839.6931
