Phase,Timing
test,895.3295999999941
break,572.0845000000002
training,1859.7378000000117
