Phase,Timing
test,609.1919000000057
break,209.49289999997654
training,2995.8544000000056
