Phase,Timing
test,841.197899999976
break,704.7665000000002
training,2581.844800000012
