Phase,Timing
test,836.3130000000001
break,628.9299999999994
training,3290.86
refresh,369.716
