Phase,Timing
test,659.2505000000001
break,452.6953999999763
training,893.1685
