Phase,Timing
test,740.6427000000476
break,565.0837999999526
training,2654.933100000024
refresh,187.305
