Phase,Timing
test,614.7299000000062
break,478.5088000000119
training,2320.6455
