Phase,Timing
test,584.2598000000116
break,447.76800000000003
training,1717.5388999999761
refresh,120.00850000000003
