Phase,Timing
test,868.4519999999998
break,379.41100000000006
training,984.1510000000001
