Phase,Timing
test,652.267199999988
break,13.15119999998808
training,848.3312000000477
