Phase,Timing
test,727.365400000006
break,159.27259999999387
training,1388.9019000000062
