Phase,Timing
test,673.3895000000002
break,396.14259999990463
training,2131.5581000000234
