Phase,Timing
test,1170.3484000000954
break,412.1075000000001
training,1080.975
