Phase,Timing
test,580.7311000001432
break,249.39100000000008
training,1365.3192000000477
