Phase,Timing
test,748.7162999999528
break,502.2770999999043
training,2219.5729000000956
refresh,140.55949999999996
