Phase,Timing
test,615.9918000000116
break,486.18729999998186
training,3433.9202000000178
refresh,186.45489999997616
