Phase,Timing
test,1320.3110999999994
break,37.28129999999874
training,1617.946300000001
