Phase,Timing
test,567.711
break,392.6868999996186
training,1550.0506000003813
