Phase,Timing
test,552.1301999999878
break,6.4669999999996435
training,7670.617800000012
