Phase,Timing
test,954.2445999999045
break,542.2655
training,1643.3356000001431
