Phase,Timing
test,635.6016999999879
break,491.42169999998805
training,1477.8383000000122
