Phase,Timing
test,722.0481999998092
break,749.5929999999998
training,1518.9445999999048
