Phase,Timing
test,540.9870000000001
break,387.8140000000001
training,1366.037
