Phase,Timing
test,502.7765999999642
break,432.91449999999986
training,1286.230900000036
