Phase,Timing
test,939.6434000000954
break,37.507199999809245
training,870.7950999999047
