Phase,Timing
test,510.1210000000001
break,516.4251999999879
training,1532.4718000000119
