Phase,Timing
test,684.4503999999997
break,561.2614000000001
training,1527.3398
