Phase,Timing
test,783.6889999999994
break,487.25400000000036
training,2719.1629999999996
refresh,126.758
