Phase,Timing
test,670.7194000000063
break,2649.7990999999934
training,1627.741400000006
