Phase,Timing
test,737.9387999999967
break,830.5176000000092
training,1318.847299999997
