Phase,Timing
test,581.8415999999047
break,50.98559999990459
training,936.1985
