Phase,Timing
test,554.9219999999998
break,348.116
training,1533.101
refresh,105.89600000000002
