Phase,Timing
test,975.8262999997137
break,15.882099999904767
training,1123.3576000003814
