Phase,Timing
test,628.2179999999998
break,408.83899999999994
training,1980.9400000000003
refresh,144.13000000000002
