Phase,Timing
test,871.7470000000001
break,20.37900000000002
training,871.6019999999999
