Phase,Timing
test,664.6344999999999
break,216.90250000000015
training,1439.5462999999525
