Phase,Timing
test,989.906699999988
break,13.254200000017931
training,749.913199999988
