Phase,Timing
test,532.9283000001908
break,3.789099999904465
training,1437.3603000001908
