Phase,Timing
test,1575.6584000000953
break,24.241599999904565
training,989.8274000000955
refresh,98.35419999980925
