Phase,Timing
test,608.7415999999646
break,168.7146000000239
training,1440.9705
