Phase,Timing
test,674.8049999999998
break,286.893600000024
training,2875.9855
refresh,142.079
