Phase,Timing
test,609.6756000001428
break,890.9822999999526
training,1408.9835999999045
refresh,160.9425
