Phase,Timing
test,601.1958999999763
break,349.14650000000006
training,1519.8747000000476
