Phase,Timing
test,1138.050299999714
break,10.66840000009529
training,1039.6579000000952
