Phase,Timing
test,2013.200199999809
break,266.5874000000954
training,1261.7947000000477
