Phase,Timing
test,535.7163999999764
break,440.1097999999522
training,1452.4609000000955
