Phase,Timing
test,606.9037000000044
break,6969.244100000007
training,1845.987799999997
