Phase,Timing
test,608.7951000000235
break,534.7317999999525
training,1761.9409999999998
