Phase,Timing
test,806.4129999999996
break,152.190600000024
training,3192.6282999999526
refresh,208.78340000003578
