Phase,Timing
test,574.8979000000004
break,16.382599999999684
training,1666.8470000000002
