Phase,Timing
test,583.3612
break,510.00829999999974
training,1344.7268000000004
