Phase,Timing
test,1145.9410000000005
break,567.4479999999999
training,1261.911
