Phase,Timing
test,1125.7931999999287
break,661.6282000000477
training,899.0996000000238
