Phase,Timing
test,632.9398000000122
break,288.10039999997616
training,1121.6949000000357
