Phase,Timing
test,675.2589000000357
break,308.1613999999761
training,1906.4278999999763
