Phase,Timing
test,599.4296000001432
break,274.74359999990475
training,1567.8012000000479
refresh,226.25309999990463
