Phase,Timing
test,544.9480999999046
break,17.751900000095475
training,755.3887999999522
