Phase,Timing
test,673.7247999999972
break,424.7489999999998
training,785.277900000006
