Phase,Timing
test,641.2929000000058
break,31.2107999999821
training,2364.542400000006
refresh,123.18509999999404
