Phase,Timing
test,611.6817000000474
break,464.8692999999523
training,1686.6892000000478
