Phase,Timing
test,499.3380000000002
break,760.934
training,1470.4820000000002
