Phase,Timing
test,640.4918999998567
break,573.067900000095
training,1795.7494000000956
