Phase,Timing
test,599.366
break,339.48170000004757
training,1906.8093999998569
refresh,212.57190000009535
