Phase,Timing
test,700.0949999999998
break,194.13980000001197
training,1560.0740999999641
