Phase,Timing
test,567.4928000000718
break,544.9066999999282
training,1896.486200000048
