Phase,Timing
test,592.2180999999046
break,441.98749999999995
training,1799.0392000000477
refresh,108.2342000000477
