Phase,Timing
test,574.7946999999881
break,87.3633000000118
training,2495.069400000006
refresh,145.33639999997618
