Phase,Timing
test,691.6959999999999
break,224.77190000009523
training,2483.7855
refresh,173.22320000004768
