Phase,Timing
test,902.7581999999284
break,203.06050000000005
training,1979.2142000000474
refresh,98.94910000002385
