Phase,Timing
test,691.790799999997
break,442.28859999999395
training,1961.2291000000089
refresh,119.20939999999108
