Phase,Timing
test,581.5220999999938
break,530.1021000000092
training,2422.923799999997
refresh,207.032
