Phase,Timing
test,613.5754999999999
break,202.04079999995247
training,2617.1032999999525
