Phase,Timing
test,1013.2151000000008
break,313.67310000000134
training,2345.6681000000017
