Phase,Timing
test,718.2962999999527
break,342.5759000000953
training,1401.867899999857
