Phase,Timing
test,739.9986999998091
break,373.8409999999999
training,2833.0224000005724
refresh,110.49669999980927
