Phase,Timing
test,601.7029000000957
break,414.167399999857
training,3306.5343000001903
refresh,132.52689999985694
