Phase,Timing
test,639.433800000191
break,349.5136999998092
training,1337.5188000001908
