Phase,Timing
test,783.6730000000002
break,427.30329999971354
training,2559.6995
refresh,178.3529000000954
