Phase,Timing
test,663.7650000000003
break,367.5269999999998
training,1866.8560000000002
