Phase,Timing
test,594.3223000000121
break,532.7579999999996
training,1710.0000999999643
