Phase,Timing
test,647.168899999976
break,248.19500000000016
training,2248.354
