Phase,Timing
test,684.1275
break,745.202299999952
training,1787.8652000000477
