Phase,Timing
test,501.6175000000003
break,303.02790000003574
training,1303.1055999999642
