Phase,Timing
test,630.1800000000001
break,316.03549999999996
training,1578.2343999999764
