Phase,Timing
test,1036.9476000000236
break,249.3783999999764
training,1996.1802000000475
refresh,303.93219999992846
