Phase,Timing
test,626.6975000000002
break,551.5102000000472
training,1739.1207999999524
refresh,108.65389999997615
