Phase,Timing
test,655.7672000000475
break,458.41629999995234
training,1428.1345999999046
