Phase,Timing
test,597.4089999999999
break,189.48199999999997
training,1783.819
