Phase,Timing
test,823.0542999997135
break,391.7603000001907
training,1028.0596999998093
