Phase,Timing
test,597.2334000000956
break,119.42109999990453
training,1368.4597999997138
